{
  "features": [
    "home_advantage",
    "adjusted_rolling_xg_home",
    "adjusted_rolling_xga_home",
    "adjusted_rolling_xg_away",
    "adjusted_rolling_xga_away",
    "adjusted_rolling_market_xg_home",
    "adjusted_rolling_market_xga_home",
    "adjusted_rolling_market_xg_away",
    "adjusted_rolling_market_xga_away",
    "avg_goals_league",
    "hours_since_last_match_home",
    "hours_since_last_match_away",
    "elo_home",
    "elo_away",
    "league_elo"
  ],
  "stats": {
    "trainSize": 49044,
    "finalLoss": 1.3092982769012451,
    "trainedAt": "2025-11-10T15:45:54.800Z"
  },
  "minVals": [
    0,
    0.25999999046325684,
    0.33000001311302185,
    0.1599999964237213,
    0.3100000023841858,
    0.27000001072883606,
    0.6100000143051147,
    0.3199999928474426,
    0.44999998807907104,
    1.8799999952316284,
    41,
    41,
    992,
    994,
    1113
  ],
  "maxVals": [
    0.6000000238418579,
    3.450000047683716,
    3.450000047683716,
    3.680000066757202,
    3.5999999046325684,
    2.9800000190734863,
    3.0799999237060547,
    3.049999952316284,
    3.0799999237060547,
    3.5299999713897705,
    500,
    500,
    1984,
    1982,
    1821
  ],
  "range": [
    0.6000001430511475,
    3.190000057220459,
    3.120000123977661,
    3.5199999809265137,
    3.2899999618530273,
    2.7100000381469727,
    2.4699997901916504,
    2.7300000190734863,
    2.629999876022339,
    1.6500000953674316,
    459,
    459,
    992,
    988,
    708
  ]
}