{
  "features": [
    "home_advantage",
    "adjusted_rolling_xg_home",
    "adjusted_rolling_xga_home",
    "adjusted_rolling_xg_away",
    "adjusted_rolling_xga_away",
    "adjusted_rolling_market_xg_home",
    "adjusted_rolling_market_xga_home",
    "adjusted_rolling_market_xg_away",
    "adjusted_rolling_market_xga_away",
    "avg_goals_league",
    "hours_since_last_match_home",
    "hours_since_last_match_away",
    "elo_home",
    "elo_away",
    "league_elo"
  ],
  "stats": {
    "trainSize": 47723,
    "finalLoss": 1.301245093345642,
    "trainedAt": "2025-10-16T20:14:18.357Z"
  },
  "minVals": [
    0.10000000149011612,
    0.10000000149011612,
    0.3100000023841858,
    0.10000000149011612,
    0.28999999165534973,
    0.27000001072883606,
    0.3100000023841858,
    0.30000001192092896,
    0.28999999165534973,
    1.8899999856948853,
    41,
    41,
    1000,
    1000,
    1101
  ],
  "maxVals": [
    0.6000000238418579,
    3.9600000381469727,
    3.9800000190734863,
    3.619999885559082,
    3.5999999046325684,
    3.9600000381469727,
    4,
    3.4100000858306885,
    4,
    3.5199999809265137,
    500,
    500,
    2198,
    2199,
    1876
  ],
  "range": [
    0.5000001192092896,
    3.8600001335144043,
    3.6700000762939453,
    3.5199999809265137,
    3.309999942779541,
    3.690000057220459,
    3.690000057220459,
    3.1100001335144043,
    3.7100000381469727,
    1.630000114440918,
    459,
    459,
    1198,
    1199,
    775
  ]
}