{
  "features": [
    "home_advantage",
    "adjusted_rolling_xg_home",
    "adjusted_rolling_xga_home",
    "adjusted_rolling_xg_away",
    "adjusted_rolling_xga_away",
    "adjusted_rolling_market_xg_home",
    "adjusted_rolling_market_xga_home",
    "adjusted_rolling_market_xg_away",
    "adjusted_rolling_market_xga_away",
    "avg_goals_league",
    "hours_since_last_match_home",
    "hours_since_last_match_away",
    "elo_home",
    "elo_away",
    "league_elo"
  ],
  "stats": {
    "trainSize": 48276,
    "finalLoss": 1.3039803504943848,
    "trainedAt": "2025-11-01T09:36:16.298Z"
  },
  "minVals": [
    0,
    0.25999999046325684,
    0.33000001311302185,
    0.1599999964237213,
    0.3100000023841858,
    0.27000001072883606,
    0.4099999964237213,
    0.3199999928474426,
    0.36000001430511475,
    1.8899999856948853,
    41,
    41,
    992,
    994,
    1113
  ],
  "maxVals": [
    0.6000000238418579,
    3.430000066757202,
    3.4600000381469727,
    3.6600000858306885,
    3.5999999046325684,
    3.140000104904175,
    3.8399999141693115,
    3.2200000286102295,
    3.869999885559082,
    3.5199999809265137,
    500,
    500,
    1988,
    1984,
    1822
  ],
  "range": [
    0.6000001430511475,
    3.1700000762939453,
    3.130000114440918,
    3.5,
    3.2899999618530273,
    2.870000123977661,
    3.429999828338623,
    2.9000000953674316,
    3.5099997520446777,
    1.630000114440918,
    459,
    459,
    996,
    990,
    709
  ]
}