{
  "features": [
    "home_advantage",
    "adjusted_rolling_xg_home",
    "adjusted_rolling_xga_home",
    "adjusted_rolling_xg_away",
    "adjusted_rolling_xga_away",
    "adjusted_rolling_market_xg_home",
    "adjusted_rolling_market_xga_home",
    "adjusted_rolling_market_xg_away",
    "adjusted_rolling_market_xga_away",
    "avg_goals_league",
    "hours_since_last_match_home",
    "hours_since_last_match_away",
    "elo_home",
    "elo_away",
    "league_elo"
  ],
  "stats": {
    "trainSize": 49120,
    "finalLoss": 1.3111071586608887,
    "trainedAt": "2025-11-18T12:28:05.017Z"
  },
  "minVals": [
    0,
    0.25999999046325684,
    0.33000001311302185,
    0.1599999964237213,
    0.3100000023841858,
    0.27000001072883606,
    0.6200000047683716,
    0.3199999928474426,
    0.46000000834465027,
    1.8899999856948853,
    41,
    41,
    992,
    994,
    1113
  ],
  "maxVals": [
    0.6000000238418579,
    3.4600000381469727,
    3.450000047683716,
    3.690000057220459,
    3.5999999046325684,
    2.8499999046325684,
    3.0799999237060547,
    2.9200000762939453,
    3.0799999237060547,
    3.5299999713897705,
    500,
    500,
    1984,
    1982,
    1821
  ],
  "range": [
    0.6000001430511475,
    3.200000047683716,
    3.120000123977661,
    3.5299999713897705,
    3.2899999618530273,
    2.5799999237060547,
    2.4600000381469727,
    2.6000001430511475,
    2.619999885559082,
    1.6400001049041748,
    459,
    459,
    992,
    988,
    708
  ]
}