{
  "features": [
    "home_advantage",
    "adjusted_rolling_xg_home",
    "adjusted_rolling_xga_home",
    "adjusted_rolling_xg_away",
    "adjusted_rolling_xga_away",
    "adjusted_rolling_market_xg_home",
    "adjusted_rolling_market_xga_home",
    "adjusted_rolling_market_xg_away",
    "adjusted_rolling_market_xga_away",
    "avg_goals_league",
    "hours_since_last_match_home",
    "hours_since_last_match_away",
    "elo_home",
    "elo_away",
    "league_elo"
  ],
  "stats": {
    "trainSize": 48144,
    "finalLoss": 1.303328275680542,
    "trainedAt": "2025-10-27T20:29:42.424Z"
  },
  "minVals": [
    0,
    0.25999999046325684,
    0.33000001311302185,
    0.1599999964237213,
    0.3100000023841858,
    0.27000001072883606,
    0.36000001430511475,
    0.30000001192092896,
    0.30000001192092896,
    1.8799999952316284,
    41,
    41,
    992,
    994,
    1113
  ],
  "maxVals": [
    0.6000000238418579,
    3.430000066757202,
    3.4600000381469727,
    3.6600000858306885,
    3.5999999046325684,
    3.3399999141693115,
    4,
    3.4100000858306885,
    4,
    3.5199999809265137,
    500,
    500,
    1988,
    1984,
    1822
  ],
  "range": [
    0.6000001430511475,
    3.1700000762939453,
    3.130000114440918,
    3.5,
    3.2899999618530273,
    3.069999933242798,
    3.6399998664855957,
    3.1100001335144043,
    3.700000047683716,
    1.6400001049041748,
    459,
    459,
    996,
    990,
    709
  ]
}