{
  "features": [
    "home_advantage",
    "adjusted_rolling_xg_home",
    "adjusted_rolling_xga_home",
    "adjusted_rolling_xg_away",
    "adjusted_rolling_xga_away",
    "adjusted_rolling_market_xg_home",
    "adjusted_rolling_market_xga_home",
    "adjusted_rolling_market_xg_away",
    "adjusted_rolling_market_xga_away",
    "avg_goals_league",
    "hours_since_last_match_home",
    "hours_since_last_match_away",
    "elo_home",
    "elo_away",
    "league_elo"
  ],
  "stats": {
    "trainSize": 49166,
    "finalLoss": 1.3090240955352783,
    "trainedAt": "2025-10-05T11:01:57.146Z"
  },
  "minVals": [
    0.10000000149011612,
    0.10000000149011612,
    0.10000000149011612,
    0.10000000149011612,
    0.10000000149011612,
    0.10000000149011612,
    0.10000000149011612,
    0.10000000149011612,
    0.10000000149011612,
    1.8899999856948853,
    41,
    41,
    1000,
    1000,
    1101
  ],
  "maxVals": [
    0.6000000238418579,
    4,
    4,
    4,
    4,
    3.9600000381469727,
    4,
    4,
    4,
    3.5199999809265137,
    500,
    500,
    2197,
    2198,
    1876
  ],
  "range": [
    0.5000001192092896,
    3.9000000953674316,
    3.9000000953674316,
    3.9000000953674316,
    3.9000000953674316,
    3.8600001335144043,
    3.9000000953674316,
    3.9000000953674316,
    3.9000000953674316,
    1.630000114440918,
    459,
    459,
    1197,
    1198,
    775
  ]
}