{
  "features": [
    "home_advantage",
    "adjusted_rolling_xg_home",
    "adjusted_rolling_xga_home",
    "adjusted_rolling_xg_away",
    "adjusted_rolling_xga_away",
    "adjusted_rolling_market_xg_home",
    "adjusted_rolling_market_xga_home",
    "adjusted_rolling_market_xg_away",
    "adjusted_rolling_market_xga_away",
    "avg_goals_league",
    "hours_since_last_match_home",
    "hours_since_last_match_away",
    "elo_home",
    "elo_away",
    "league_elo"
  ],
  "stats": {
    "trainSize": 48663,
    "finalLoss": 1.3111382722854614,
    "trainedAt": "2025-11-07T09:30:24.434Z"
  },
  "minVals": [
    0,
    0.25999999046325684,
    0.33000001311302185,
    0.1599999964237213,
    0.3100000023841858,
    0.27000001072883606,
    0.5699999928474426,
    0.3199999928474426,
    0.41999998688697815,
    1.8899999856948853,
    41,
    41,
    992,
    994,
    1113
  ],
  "maxVals": [
    0.6000000238418579,
    3.430000066757202,
    3.4600000381469727,
    3.6600000858306885,
    3.5999999046325684,
    2.9800000190734863,
    3.0799999237060547,
    3.049999952316284,
    3.0799999237060547,
    3.5299999713897705,
    500,
    500,
    1988,
    1984,
    1822
  ],
  "range": [
    0.6000001430511475,
    3.1700000762939453,
    3.130000114440918,
    3.5,
    3.2899999618530273,
    2.7100000381469727,
    2.509999990463257,
    2.7300000190734863,
    2.6599998474121094,
    1.6400001049041748,
    459,
    459,
    996,
    990,
    709
  ]
}