{
  "features": [
    "home_advantage",
    "adjusted_rolling_xg_home",
    "adjusted_rolling_xga_home",
    "adjusted_rolling_xg_away",
    "adjusted_rolling_xga_away",
    "adjusted_rolling_market_xg_home",
    "adjusted_rolling_market_xga_home",
    "adjusted_rolling_market_xg_away",
    "adjusted_rolling_market_xga_away",
    "avg_goals_league",
    "hours_since_last_match_home",
    "hours_since_last_match_away",
    "elo_home",
    "elo_away",
    "league_elo"
  ],
  "stats": {
    "trainSize": 47627,
    "finalLoss": 1.3010085821151733,
    "trainedAt": "2025-10-09T08:54:11.648Z"
  },
  "minVals": [
    0.10000000149011612,
    0.10000000149011612,
    0.3100000023841858,
    0.10000000149011612,
    0.28999999165534973,
    0.27000001072883606,
    0.3100000023841858,
    0.30000001192092896,
    0.36000001430511475,
    1.8799999952316284,
    41,
    41,
    1000,
    1000,
    1101
  ],
  "maxVals": [
    0.6000000238418579,
    3.9600000381469727,
    3.9800000190734863,
    3.619999885559082,
    3.5999999046325684,
    3.9600000381469727,
    4,
    3.4800000190734863,
    4,
    3.5199999809265137,
    500,
    500,
    2198,
    2199,
    1876
  ],
  "range": [
    0.5000001192092896,
    3.8600001335144043,
    3.6700000762939453,
    3.5199999809265137,
    3.309999942779541,
    3.690000057220459,
    3.690000057220459,
    3.180000066757202,
    3.6399998664855957,
    1.6400001049041748,
    459,
    459,
    1198,
    1199,
    775
  ]
}